[
  {
    "caseNumber": "SY202506014950",
    "caseType": "治安案件",
    "reporter": "1",
    "reporterPhone": "1",
    "incidentTime": "2025-06-01T17:06",
    "incidentLocation": "1",
    "caseDescription": "1",
    "officer": "1",
    "caseStatus": "不予立案"
  },
  {
    "caseNumber": "SY202506019170",
    "caseType": "治安案件",
    "reporter": "1111111",
    "reporterPhone": "111",
    "incidentTime": "2025-06-01T19:12",
    "incidentLocation": "11",
    "caseDescription": "11",
    "officer": "11",
    "caseStatus": "已立案"
  },
  {
    "caseNumber": "SY202506014902",
    "caseType": "行政案件",
    "reporter": "1111",
    "reporterPhone": "111",
    "incidentTime": "2025-06-01T17:12",
    "incidentLocation": "111",
    "caseDescription": "11",
    "officer": "11",
    "caseStatus": "已结案"
  }
]